lang,category,topics,present,coverage,access_score
as,agriculture,52,22,0.4230769230769231,11.871066674041908
as,diseases,299,70,0.23411371237458195,4.6010025944878725
as,health,69,40,0.5797101449275363,8.153584438473326
as,money,27,6,0.2222222222222222,2.7240056217291486
as,rights,47,25,0.5319148936170213,17.3964457095033
as,science,46,31,0.6739130434782609,5.815118839413096
bh,agriculture,52,17,0.3269230769230769,4.543988772620113
bh,diseases,299,13,0.043478260869565216,0.14792004272084683
bh,health,69,11,0.15942028985507245,0.42376589895463074
bh,money,27,5,0.18518518518518517,0.9864720210173098
bh,rights,47,14,0.2978723404255319,3.560300347401786
bh,science,46,35,0.7608695652173914,3.581522896464803
bn,agriculture,52,40,0.7692307692307693,28.383335006489464
bn,diseases,299,211,0.705685618729097,25.930208769820716
bn,health,69,63,0.9130434782608695,28.398084679585924
bn,money,27,20,0.7407407407407407,19.675053052169982
bn,rights,47,30,0.6382978723404256,35.81554404729607
bn,science,46,44,0.9565217391304348,38.98106172685378
gom,agriculture,52,5,0.09615384615384616,4.25015682222654
gom,diseases,299,3,0.010033444816053512,0.1715937862647155
gom,health,69,2,0.028985507246376812,0.4071759975127523
gom,money,27,0,0.0,0.0
gom,rights,47,0,0.0,0.0
gom,science,46,8,0.17391304347826086,2.7147062071728456
gu,agriculture,52,25,0.4807692307692308,15.287839937218923
gu,diseases,299,32,0.10702341137123746,5.741547463648456
gu,health,69,25,0.36231884057971014,18.58191534690821
gu,money,27,7,0.25925925925925924,17.29909931246003
gu,rights,47,9,0.19148936170212766,6.883334009799399
gu,science,46,26,0.5652173913043478,28.69447167074395
hi,agriculture,52,47,0.9038461538461539,18.83655727108023
hi,diseases,299,259,0.8662207357859532,20.1952203612091
hi,health,69,60,0.8695652173913043,33.91196302496788
hi,money,27,24,0.8888888888888888,17.7696439219734
hi,rights,47,47,1.0,50.552853413362534
hi,science,46,46,1.0,24.652514700055402
kn,agriculture,52,36,0.6923076923076923,37.88605035861045
kn,diseases,299,130,0.43478260869565216,16.426203913056053
kn,health,69,46,0.6666666666666666,33.63452256307661
kn,money,27,17,0.6296296296296297,30.267587524716866
kn,rights,47,23,0.48936170212765956,27.275988343371075
kn,science,46,39,0.8478260869565217,36.613619051295515
ks,agriculture,52,12,0.23076923076923078,0.39036371676237047
ks,diseases,299,46,0.15384615384615385,0.973211313988671
ks,health,69,20,0.2898550724637681,1.561900468648101
ks,money,27,0,0.0,0.0
ks,rights,47,2,0.0425531914893617,0.7170729686010656
ks,science,46,24,0.5217391304347826,1.119539023630206
mai,agriculture,52,13,0.25,0.8545105409451337
mai,diseases,299,12,0.04013377926421405,0.11233816573917728
mai,health,69,6,0.08695652173913043,0.24667209139826873
mai,money,27,0,0.0,0.0
mai,rights,47,3,0.06382978723404255,1.5161375288279397
mai,science,46,10,0.21739130434782608,0.6837220785767113
ml,agriculture,52,42,0.8076923076923077,18.319491342672265
ml,diseases,299,155,0.5183946488294314,12.272059185616909
ml,health,69,57,0.8260869565217391,21.87129393018308
ml,money,27,12,0.4444444444444444,15.867181839741173
ml,rights,47,30,0.6382978723404256,21.61981156182779
ml,science,46,44,0.9565217391304348,16.668733448440634
mni,agriculture,52,5,0.09615384615384616,0.47021993952653124
mni,diseases,299,2,0.006688963210702341,0.006271801872762353
mni,health,69,1,0.014492753623188406,0.019151062314269694
mni,money,27,1,0.037037037037037035,0.023569432604728026
mni,rights,47,1,0.02127659574468085,0.039415531982381756
mni,science,46,7,0.15217391304347827,0.1881038214389696
mr,agriculture,52,35,0.6730769230769231,11.86400514095247
mr,diseases,299,85,0.2842809364548495,3.471694580526581
mr,health,69,47,0.6811594202898551,11.22201931532634
mr,money,27,16,0.5925925925925926,7.855981056166847
mr,rights,47,35,0.7446808510638298,14.489378526536477
mr,science,46,35,0.7608695652173914,14.474642455823824
ne,agriculture,52,33,0.6346153846153846,12.455643422600602
ne,diseases,299,74,0.24749163879598662,2.6018662958427288
ne,health,69,44,0.6376811594202898,5.770643296696707
ne,money,27,13,0.48148148148148145,4.051908087635526
ne,rights,47,10,0.2127659574468085,3.896640452631236
ne,science,46,33,0.717391304347826,8.629515852928664
or,agriculture,52,14,0.2692307692307692,2.40568275254437
or,diseases,299,219,0.7324414715719063,8.770467413496727
or,health,69,60,0.8695652173913043,19.767009100963183
or,money,27,5,0.18518518518518517,5.9679583292790594
or,rights,47,20,0.425531914893617,14.475642083539725
or,science,46,23,0.5,6.8492800698653475
pa,agriculture,52,41,0.7884615384615384,15.83409343970245
pa,diseases,299,94,0.31438127090301005,3.2066594642376605
pa,health,69,41,0.5942028985507246,5.281266372518787
pa,money,27,12,0.4444444444444444,3.816866900055419
pa,rights,47,34,0.723404255319149,20.913797630625787
pa,science,46,39,0.8478260869565217,8.408998407251971
sa,agriculture,52,17,0.3269230769230769,5.538031120766983
sa,diseases,299,19,0.06354515050167224,0.3407827692327551
sa,health,69,12,0.17391304347826086,0.7960814391185491
sa,money,27,1,0.037037037037037035,0.16952646119686177
sa,rights,47,10,0.2127659574468085,19.437698154245137
sa,science,46,21,0.45652173913043476,5.635740336003647
sat,agriculture,52,16,0.3076923076923077,2.8651688395532853
sat,diseases,299,16,0.05351170568561873,0.48842197208858806
sat,health,69,11,0.15942028985507245,1.365815141094045
sat,money,27,1,0.037037037037037035,0.24275259463506182
sat,rights,47,6,0.1276595744680851,4.714528064809164
sat,science,46,13,0.2826086956521739,1.7635940683350968
sd,agriculture,52,22,0.4230769230769231,7.967603707964631
sd,diseases,299,51,0.1705685618729097,1.7038996286423345
sd,health,69,30,0.43478260869565216,3.7135494536103857
sd,money,27,9,0.3333333333333333,2.7407704239492254
sd,rights,47,1,0.02127659574468085,0.08129982120612782
sd,science,46,30,0.6521739130434783,32.14165488691734
ta,agriculture,52,44,0.8461538461538461,24.150772703839095
ta,diseases,299,206,0.6889632107023411,19.230858566450518
ta,health,69,61,0.8840579710144928,37.54671465351086
ta,money,27,19,0.7037037037037037,34.5663419167912
ta,rights,47,42,0.8936170212765957,24.490225426927733
ta,science,46,43,0.9347826086956522,27.281880744702793
tcy,agriculture,52,12,0.23076923076923078,3.1574624137051917
tcy,diseases,299,13,0.043478260869565216,0.5864064080632259
tcy,health,69,8,0.11594202898550725,0.9138447629011518
tcy,money,27,0,0.0,0.0
tcy,rights,47,3,0.06382978723404255,2.7514267121555718
tcy,science,46,11,0.2391304347826087,5.381638369083896
te,agriculture,52,36,0.6923076923076923,24.916695681955357
te,diseases,299,207,0.6923076923076923,10.837014822155094
te,health,69,59,0.855072463768116,12.627687357635816
te,money,27,18,0.6666666666666666,11.107261350330004
te,rights,47,29,0.6170212765957447,34.217391009450395
te,science,46,41,0.8913043478260869,24.008659009384655
ur,agriculture,52,32,0.6153846153846154,9.58808030195079
ur,diseases,299,173,0.5785953177257525,5.770792161946998
ur,health,69,54,0.782608695652174,6.633311485944083
ur,money,27,14,0.5185185185185185,6.798575542221153
ur,rights,47,24,0.5106382978723404,20.724568133446347
ur,science,46,41,0.8913043478260869,9.826685322440015
