code,name,native_name,speakers_millions,topics,present,missing,stubs,substantial,coverage,demand_coverage,depth_of_present,fresh_share,lang_views,access_score,speakers_per_article
bn,Bengali,বাংলা,97.2,509,377,132,170,207,0.7406679764243614,0.8468973862465625,0.31564254114686846,0.6657824933687002,923446,28.60267353715771,257824.93368700266
kn,Kannada,ಕನ್ನಡ,43.7,509,268,241,91,177,0.5265225933202358,0.6366782240278493,0.3880715468059972,1.0,559245,23.895951920058312,163059.7014925373
hi,Hindi,हिन्दी,528.3,509,452,57,235,217,0.888015717092338,0.9330660322144789,0.2547562774947962,0.4469026548672566,2813901,23.35988389142207,1168805.309734513
ta,Tamil,தமிழ்,69.0,509,385,124,190,195,0.756385068762279,0.8144403049328639,0.2767401280885495,0.6025974025974026,773391,22.258073171861298,179220.77922077922
te,Telugu,తెలుగు,81.1,509,359,150,230,129,0.7053045186640472,0.8561700929160766,0.1810101626891723,0.6016713091922006,447954,15.797087942542442,225905.29247910864
ml,Malayalam,മലയാളം,34.8,509,315,194,171,144,0.618860510805501,0.7401697089196018,0.22158013844285723,0.4634920634920635,511337,14.74447026453454,110476.19047619047
gu,Gujarati,ગુજરાતી,55.5,509,112,397,47,65,0.2200392927308448,0.3403046034718538,0.35274518879784295,0.5625,209800,11.395591617603785,495535.71428571426
or,Odia,ଓଡ଼ିଆ,37.5,509,311,198,241,70,0.6110019646365422,0.7570927405480005,0.13253498846383144,0.5401929260450161,79756,8.778797785399638,120578.77813504823
ur,Urdu,اردو,50.8,509,310,199,264,46,0.6090373280943026,0.7625307052009688,0.09486754756761358,0.5838709677419355,151873,7.704361468539686,163870.96774193548
sd,Sindhi,سنڌي,2.8,509,127,382,97,30,0.24950884086444008,0.401115803835394,0.15268007990480117,0.6141732283464567,13694,7.603474587835653,22047.24409448819
mr,Marathi,मराठी,83.0,509,228,281,157,71,0.44793713163064836,0.5793916752837789,0.1525127535508355,0.3201754385964912,621143,7.472908558373659,364035.08771929826
pa,Punjabi,ਪੰਜਾਬੀ,33.1,509,239,270,176,63,0.46954813359528486,0.5936024312804045,0.13165210627868992,0.30962343096234307,79932,6.447007222475132,138493.72384937239
as,Assamese,অসমীয়া,15.3,509,173,336,115,58,0.33988212180746563,0.5039940489375458,0.20539708348751315,0.5953757225433526,198958,6.386424579748094,88439.30635838151
ne,Nepali,नेपाली,2.9,509,186,323,143,43,0.3654223968565815,0.5102759772613505,0.11741315044121323,0.46774193548387094,69511,4.994796754913626,15591.397849462366
sa,Sanskrit,संस्कृतम्,0.02,509,75,434,55,20,0.14734774066797643,0.29292225697969115,0.14975449818825037,0.21333333333333335,12317,2.9870871907307635,266.6666666666667
tcy,Tulu,ತುಳು,1.8,509,43,466,37,6,0.08447937131630648,0.14778843940375685,0.13176790312675998,0.9302325581395349,11135,1.7806555270177848,41860.46511627907
bh,Bhojpuri,भोजपुरी,50.6,509,89,420,81,8,0.17485265225933203,0.3019643416418131,0.0504812332849825,0.3707865168539326,41570,1.379540417598885,568539.3258426966
sat,Santali,ᱥᱟᱱᱛᱟᱲᱤ,7.4,509,57,452,50,7,0.11198428290766209,0.22072279016701435,0.08174299448649415,0.2982456140350877,7454,1.2150232954955322,129824.56140350878
ks,Kashmiri,کٲشُر,6.8,509,92,417,92,0,0.1807465618860511,0.3759007574897565,0.02747579714320427,0.532608695652174,10437,0.9922314226722612,73913.04347826086
gom,Konkani,कोंकणी,2.3,509,16,493,12,4,0.03143418467583497,0.08665346359013544,0.14447145092593577,0.0,3617,0.94315623275242,143750.0
mai,Maithili,मैथिली,13.6,509,41,468,40,1,0.08055009823182711,0.14350575130482565,0.027654037453086408,0.2926829268292683,5560,0.3727673754631769,331707.31707317074
mni,Manipuri,ꯃꯤꯇꯩꯂꯣꯟ,1.8,509,16,493,16,0,0.03143418467583497,0.0729509697829615,0.016728560718800158,0.1875,5088,0.08011454225255828,112500.0
